0.32345772,-0.4547959,0.4301745,0.17939255,0.18534662,0.40061143,1.08089,0.9767589,1.8800853,1.4037434
0.5020748,2.0725892,2.181151,2.3707561,4.436687,3.9983473,5.262073,5.7968917,6.5893655,7.5191135
1.6884207,1.9512453,4.855985,5.115506,6.1569104,7.8669534,7.986171,8.292475,10.030504,10.384896
1.1883478,4.478584,6.0349984,6.445241,8.701129,10.122098,9.768134,10.564239,11.944942,9.710221
2.5771208,4.5811296,7.7147007,9.413881,9.419764,11.216357,10.111816,9.951841,8.489212,6.662511
2.8921638,5.9255548,9.301363,10.488325,10.018932,10.352922,9.104852,6.2187085,4.1947947,0.7341498
2.1294549,6.8370857,10.28785,11.122929,10.249417,7.979135,5.6647563,2.060861,-1.0213674,-4.6811843
4.136784,8.219881,10.232462,9.907387,8.08575,5.6660323,1.0101818,-3.2066872,-6.920213,-9.234495
5.326153,8.425072,9.249985,9.129388,6.2031584,1.2424065,-3.4190443,-6.0944557,-9.292617,-8.771229
5.7895627,9.230104,9.3539915,8.242305,3.9140902,-1.9742795,-6.62822,-9.453534,-9.225001,-5.090565
6.0793853,9.668241,10.609575,5.3653812,-0.154137,-5.523592,-8.5886755,-9.598533,-4.268618,0.9644634
6.537503,10.068066,8.995124,3.3874972,-2.490438,-7.577558,-9.441845,-6.2057695,0.10593802,6.8897963
6.752399,10.572818,9.141521,1.7516905,-5.4458847,-8.657406,-7.0653133,-0.7400335,5.1251693,10.218081
7.4160028,11.008054,6.724222,-0.8856367,-7.372972,-10.0400505,-4.765534,3.0726175,9.212011,10.34543
7.7486033,9.7258415,4.57717,-4.641055,-8.804949,-7.4849167,-1.5390534,8.297866,9.970916,6.2921453
7.778688,9.756102,2.7073298,-5.208287,-9.512837,-5.7020216,3.0434444,9.776891,8.710751,0.30946276
8.563969,9.380346,1.3530799,-7.6011667,-8.718553,-1.7309306,7.094273,10.685518,4.698701,-5.2720566
8.977005,8.60024,-1.2479197,-9.439226,-8.448913,2.400531,9.341348,7.8320737,-0.74369943,-8.516208
9.058014,7.9829226,-2.0434482,-9.51424,-4.531959,4.8074,11.129734,4.4492893,-5.8662586,-8.440255
9.775756,6.6565166,-4.4810157,-10.032001,-2.5771148,8.726386,9.780401,0.18885273,-9.439457,-5.1838684
10.023406,5.7417374,-6.3744726,-8.48986,0.9824498,10.419739,6.2658577,-5.120272,-8.2722645,1.1484649
9.014748,5.779261,-6.661236,-8.234107,2.7752476,10.16819,2.5855987,-8.339063,-5.1988525,7.0677423
9.518752,3.890678,-9.095887,-6.079636,5.61779,9.18111,-2.072938,-9.529357,-0.24529701,9.939189
9.084189,2.6362605,-9.953568,-4.85175,9.01894,7.784814,-5.9603,-8.594766,4.553152,10.978103
9.9696865,1.34172,-9.467055,-2.9481506,10.072145,2.7863224,-8.191615,-5.3324947,8.546256,6.88723
10.326124,0.24772832,-9.790221,1.8322297,9.623524,0.27775517,-9.729175,1.2753574,10.634269,0.64226663
9.842518,-0.96750486,-8.7166395,3.013761,10.766485,-3.4514883,-8.169772,5.507482,9.134549,-4.626501
9.73403,-2.8892353,-8.750415,5.8785925,9.746612,-7.0921583,-5.973791,9.05584,4.5625577,-8.869788
9.769738,-3.4878201,-8.468608,6.4453564,6.384451,-8.774072,-1.6491323,10.771496,-0.7238016,-8.12954
10.224849,-4.820263,-7.306531,8.11258,3.4216456,-9.773275,2.2565327,9.799012,-6.41924,-4.966006
9.61156,-5.8024,-6.291602,9.504293,1.5141696,-8.654509,6.6863275,6.41956,-8.25944,0.8005226
8.848408,-6.156737,-3.780663,11.387601,-2.3981133,-7.196458,9.356702,1.3906739,-8.618218,6.9137444
9.845648,-6.944145,-1.9337771,9.442142,-5.57728,-4.037156,9.498928,-2.8390594,-5.6954064,10.025526
8.652458,-9.031306,0.2929088,9.282883,-7.3099074,-1.0045439,9.867199,-6.774097,-1.020012,9.944696
8.448387,-8.760403,1.1158954,8.009488,-8.443885,3.4118247,7.5689454,-9.065388,3.9888752,7.197045
7.3708897,-9.388988,3.0278451,6.136801,-8.867154,6.597156,3.483872,-9.6840925,9.282064,1.052097
6.9921055,-10.094826,4.8934574,3.3994517,-9.517813,8.468433,-0.18838559,-5.3965464,11.023512,-5.5408764
7.1119957,-9.505852,6.783502,1.4018252,-8.238303,10.224779,-4.2575264,-1.0866884,9.475659,-8.448325
6.148803,-10.997653,7.8654127,-1.4295944,-4.527345,11.055104,-7.5694613,4.1744013,5.1847425,-8.745746
5.903054,-9.851733,9.184765,-2.0702257,-2.5587153,9.13152,-10.002083,7.7398105,-1.0969292,-4.2655807
5.862608,-9.566622,10.263677,-5.477131,0.19283372,7.1926656,-9.597631,11.110479,-5.2023306,1.016804
4.765609,-8.606381,10.329997,-7.32094,3.540863,2.927032,-5.3589563,10.490425,-8.646199,6.2842937
5.833478,-7.3868694,10.174143,-8.310056,5.935317,-0.7760366,-2.8477445,8.605288,-8.511505,10.977847
4.9100804,-7.430506,9.262937,-9.598284,8.637076,-3.8086185,0.62395334,5.0771227,-6.856275,10.353126
3.3544283,-6.4468594,10.27965,-9.467519,10.454502,-6.582506,5.0433974,-0.6940379,-1.4734229,6.407701
3.7587829,-5.193155,8.93845,-8.413749,10.406071,-8.791532,8.529067,-4.532109,4.23375,0.50634634
2.0167987,-5.1468596,7.6714554,-8.197778,9.362157,-9.905681,10.439337,-8.151218,8.371998,-5.0047526
1.6738541,-4.0183983,5.887317,-7.4364743,8.609246,-8.402271,10.164215,-8.945991,10.355182,-8.762206
0.53411645,-2.6564202,3.5089219,-3.9574413,6.1946907,-6.1823,8.440441,-8.120578,9.270475,-8.658438
0.55334026,-1.5003467,1.145416,-2.615453,3.2762687,-2.1959534,4.820011,-4.7755685,5.382241,-4.6322494
-0.378235,-0.19799943,0.51809955,0.36815235,-0.40225878,0.31844184,1.208676,-0.19181962,0.58333683,0.7957214
-0.35221732,1.2359523,-1.320857,3.6199822,-2.898333,4.6067777,-3.7684007,4.7466044,-4.135439,6.120168
-1.9695146,2.648386,-3.6751423,4.590749,-6.4095097,7.0376687,-6.371597,9.111587,-7.307693,10.493129
-1.2502774,3.984423,-5.836593,7.0479374,-7.861611,10.122502,-9.503846,10.090975,-8.783946,11.047333
-2.5695968,5.245961,-6.1442823,9.270103,-9.495849,10.144079,-10.108568,9.495122,-6.8675346,6.92565
-3.1233265,5.2970133,-6.9004254,9.563398,-10.199337,9.817095,-7.2097573,6.471275,-2.3698752,-0.2062586
-3.3676372,6.2179766,-8.474001,9.446159,-8.803141,7.901996,-3.645708,2.2005262,3.1534338,-5.971672
-4.087629,7.756624,-9.868262,9.882406,-8.028216,5.2698255,-0.42594004,-2.5454862,8.727024,-8.642038
-5.8613005,8.947927,-9.920328,8.676092,-6.373628,1.2170391,4.2017517,-7.0126204,12.379907,-8.060593
-5.3871017,9.433254,-8.676788,8.027195,-2.7092273,-1.7750072,6.884205,-9.083812,10.108852,-5.1344485
-6.158876,10.120727,-9.835526,6.629294,-0.5067583,-5.3881135,9.720308,-9.036592,7.089397,0.9821963
-6.352059,10.010524,-8.828186,2.6354208,4.232068,-8.644451,10.349536,-6.7503905,1.1629099,7.2684965
-7.0931234,9.68979,-7.2952247,1.6765555,6.1282873,-8.715713,8.849885,-1.873781,-3.8686259,10.610603
-7.644755,10.057475,-5.15471,-0.82537615,9.113731,-8.886618,6.3237696,2.9921827,-8.175709,10.432165
-6.948923,9.838906,-3.7363944,-3.1635625,9.270711,-8.133303,1.7413157,7.5081186,-9.021344,6.823431
-8.001296,9.0294,-3.3950012,-5.981582,9.8172,-6.0410104,-1.7536136,9.990841,-7.6430573,1.3246772
-8.004458,8.891662,-1.4648747,-6.670726,10.2949505,-2.2587452,-6.0801086,10.733372,-2.3507347,-4.50768
-8.62802,8.885654,1.3798225,-8.526552,8.181008,1.8472829,-8.096192,8.571819,2.5188646,-9.642036
-8.825115,7.232278,2.8265116,-9.183975,5.9636626,4.0698447,-9.075741,4.1514215,7.500289,-7.69485
-8.53981,6.568761,4.8166738,-9.983123,2.372841,7.8947787,-8.152553,0.108735874,9.934324,-5.101557
-9.998519,6.9259486,6.1199107,-9.503911,-0.17978208,10.333032,-5.025467,-6.133018,9.637155,1.3026435
-9.721133,4.6668415,7.16425,-8.062865,-1.7414871,10.340732,-0.44763198,-8.63915,7.877103,6.8986
-9.475858,4.4647226,8.339842,-5.931161,-5.620699,9.016397,4.01711,-10.078988,2.0834465,10.094051
-9.669593,1.8132061,8.755772,-4.2074437,-7.2164063,7.084206,7.636095,-7.8173795,-4.4278126,11.036932
-10.858632,1.4200584,9.534169,-1.9559774,-10.2636795,3.7053907,10.158816,-3.6134694,-7.502575,6.89633
-9.901173,0.042211793,9.167241,0.52119756,-10.876513,0.18903768,11.119694,0.4791424,-8.735884,0.2813034
-10.714731,-0.9999585,10.4900255,3.3821504,-9.352711,-3.1565223,9.8348255,6.012005,-8.247093,-5.5397124
-9.597977,-2.5573566,9.687154,5.9065723,-7.0512357,-6.214221,7.560755,8.7977495,-3.585202,-8.750549
-10.89532,-3.6960425,8.825025,7.484495,-5.7782083,-7.8485394,3.0693414,10.386394,2.717788,-8.908009
-9.995715,-4.646776,7.8173013,8.260838,-2.2814622,-9.06011,-0.785329,9.812922,7.2259846,-4.805642
-9.59497,-5.4734783,6.2710433,10.068803,0.49036026,-8.586885,-5.485866,6.2606893,10.981971,1.0299175
-9.678666,-6.947039,4.6801643,10.147767,4.062514,-6.8049173,-8.637833,2.5206861,10.766609,7.230566
-10.071946,-7.7987313,2.319284,10.336086,6.1746755,-4.1057167,-9.971445,-2.8896987,7.585404,10.5677395
-7.809265,-7.8644404,0.1979801,9.617588,8.574326,-0.9586481,-8.389993,-6.796812,3.2421281,10.928901
-8.867475,-9.130262,-1.2475523,7.433366,9.826424,3.0766513,-5.768386,-9.185353,-2.1020737,6.577091
-7.5268364,-8.579559,-2.676318,6.3677745,10.78778,6.0764513,-2.4505956,-10.030363,-7.74506,1.293217
-8.589976,-9.54532,-4.427404,4.670608,9.841083,8.482616,1.9043723,-5.275164,-9.545558,-5.3042955
-6.991249,-9.629564,-6.022264,2.20163,9.25517,10.741134,5.8004127,-1.8202113,-7.558196,-7.8551908
-6.644908,-11.005873,-8.077812,-0.66028655,6.720736,11.004851,8.746591,3.6013417,-3.910783,-8.729539
-6.8552785,-9.769462,-8.1339245,-3.7844124,3.6422024,9.130918,10.123805,7.943235,1.6878401,-5.026525
-4.87032,-9.261366,-9.4547415,-5.4143944,-0.30472702,5.9806643,10.06139,9.915544,6.04146,1.0676949
-4.687105,-8.950845,-9.65096,-7.5564027,-2.7467155,3.396226,8.984717,10.941105,10.931589,6.5469666
-4.281793,-8.107648,-9.5683365,-8.541212,-6.1623783,-0.4769529,4.748846,7.791259,11.894039,10.167026
-4.390066,-8.003082,-9.81796,-9.112247,-8.536259,-4.556724,-0.9278387,5.3455906,8.504758,10.211393
-3.5309916,-6.981426,-8.145281,-9.6465645,-8.967276,-6.9388475,-4.1568484,-0.12634075,2.9187443,7.6469398
-2.9980931,-6.335273,-7.8558993,-9.947778,-9.07207,-8.373314,-7.703773,-6.1082273,-2.2647302,-0.052826338
-2.0837972,-4.871862,-6.337475,-8.540167,-8.59373,-10.243241,-9.765904,-8.503481,-7.101598,-4.7779145
-1.6127192,-3.9149113,-5.419184,-5.9058914,-7.1930814,-8.169939,-8.022552,-8.712162,-8.411707,-8.152539
-2.4294453,-3.1002395,-3.197941,-5.466879,-5.806464,-5.8125463,-6.109381,-8.334159,-8.30224,-8.501001
-1.3845587,-1.4369127,-1.7767282,-2.602489,-2.5392272,-2.616632,-3.9380667,-3.9803536,-4.7958016,-5.426539
-0.5683513,-0.09396717,-0.63384634,0.7021528,1.0505804,0.5041164,0.92176694,0.78704756,0.8949154,1.0761328
1.0847678,0.7330797,1.9712971,2.651794,3.6412416,4.6730986,5.1401663,5.415703,6.785252,6.620401
1.4957999,2.5311413,3.5866506,4.436566,6.1207767,7.331079,8.658497,8.675777,8.941677,11.201323
1.9826835,4.2809143,5.149262,7.032501,7.5680575,8.993479,10.954173,10.700582,9.985973,10.133527
3.2505589,4.876812,6.3407583,8.268071,9.978109,10.6492,9.988932,9.323824,8.041851,6.271681
3.174485,5.294514,8.663966,9.448157,10.704231,10.13965,8.901366,6.5742426,3.2006335,-0.28722662
3.4429915,7.1442,8.611364,10.074591,10.561027,8.151522,4.658618,1.7238193,-1.8303554,-4.27002
4.7988853,7.671838,10.683797,10.336241,9.057692,5.22021,1.4663373,-2.140936,-6.939234,-8.747958
5.0375156,8.175517,9.090908,8.9395485,6.8839817,2.3610137,-2.4635844,-8.030353,-9.135059,-8.103052
6.143005,9.057511,11.290161,8.701066,4.0752935,-1.514284,-6.3311763,-9.00043,-8.867558,-5.921962
5.3113747,9.683682,10.250765,6.697729,0.2715936,-5.2088246,-9.211077,-8.563111,-5.363296,0.24612533
7.2188506,9.392511,9.52392,4.1966753,-1.9846008,-7.9142795,-9.239181,-5.9521594,0.6914383,5.8690133
6.6144423,9.753903,7.751376,1.6611732,-5.727243,-10.008821,-8.855927,-1.1694232,4.8769107,10.3537245
6.8470216,9.454432,6.0179176,-0.8755806,-8.440256,-9.5014515,-5.581309,2.816378,9.728819,10.062083
8.135562,9.748583,4.8395386,-4.508451,-8.751189,-8.474825,-0.34799856,8.420694,10.422705,6.850999
8.331413,8.927759,3.3699043,-6.3601856,-9.559056,-5.2842274,4.659265,10.815388,8.649242,0.3449916
8.321277,9.125647,1.7035779,-7.9342732,-9.249579,-1.6805174,7.765352,9.157928,3.8534703,-5.1447225
9.103874,8.504054,0.22692603,-8.914677,-7.399329,1.7422526,9.977778,8.221616,-1.030688,-8.4955845
8.784562,7.250256,-2.2171633,-10.393513,-6.2462254,5.6352873,9.8927,5.3912163,-6.2954464,-8.342325
9.36032,6.462968,-4.469275,-9.940364,-2.7541394,9.209253,9.511857,-0.8849985,-9.816309,-4.9519215
9.65186,5.672994,-5.1173277,-10.037758,0.32117045,9.138799,7.108559,-5.1975913,-9.201462,0.061004
9.9542465,4.5096,-7.0951333,-7.3439813,3.1286724,11.7402725,2.260857,-8.4884,-5.630573,6.636781
9.889475,3.1469765,-8.86158,-6.9971437,6.0282655,9.561708,-1.9491501,-9.578134,-1.3225874,10.826644
9.650831,2.7181592,-8.84107,-4.9226446,9.25439,7.7506194,-5.914377,-8.420721,5.419185,11.370751
9.803084,1.5830346,-9.579054,-1.3552139,10.661748,4.099941,-9.09431,-3.2759132,9.411177,6.7942367
9.357807,0.7470957,-9.828348,0.7142989,9.4733305,0.3078498,-9.745849,1.0823334,11.298589,1.8370037
10.084505,-1.6156836,-9.807154,2.5944495,9.92881,-3.5521672,-8.946632,5.9194865,9.342493,-4.5342555
9.795661,-2.6921942,-9.641836,5.342806,8.070044,-6.714569,-6.5153394,9.245265,5.3019857,-8.657784
9.9321375,-3.4388392,-7.643304,7.2826333,7.126019,-8.874989,-0.8874413,10.380611,-0.5856572,-8.519621
9.70307,-4.979144,-6.4611707,8.034692,3.4291756,-9.745623,2.4286847,10.162516,-5.4124193,-4.6656666
10.041849,-6.1591353,-5.4229536,10.161085,0.6963233,-9.234325,6.400849,7.3087983,-7.3167276,1.4187334
9.381715,-7.0793223,-4.353158,10.604401,-2.6709533,-7.4934316,8.949328,1.6223474,-8.511365,7.0204086
8.51133,-7.8359284,-2.122787,11.002575,-5.1289945,-4.138653,10.681512,-2.326773,-6.8161182,10.177839
8.127986,-9.333129,-0.31788576,10.396627,-8.059399,-1.3167219,9.767101,-8.030403,-1.1375505,10.107941
8.2308855,-7.9511843,0.83715117,8.29312,-9.109866,2.4925182,8.127264,-9.198751,4.215198,6.7804217
8.163894,-9.6282625,3.834657,6.255856,-9.755316,5.976342,3.3600767,-9.416592,8.610099,0.5059851
6.7129993,-10.032693,5.477846,4.862397,-9.002065,8.60127,-1.1161679,-6.758682,10.55995,-4.8277993
7.44794,-9.998606,7.0691185,1.8957669,-6.979877,9.914364,-4.1568108,-1.3505822,9.749289,-8.139023
7.555853,-9.46724,7.9946733,-1.1497513,-5.250318,10.062862,-7.677531,3.4726834,6.023435,-8.618278
6.2221727,-9.087497,9.386268,-3.0518074,-2.7731948,9.095485,-9.286359,7.891828,-0.24840637,-4.837112
5.679458,-10.087862,10.40999,-5.501126,-0.06913193,6.849448,-8.012555,10.071189,-6.1634088,1.7731982
4.7099223,-9.216599,10.248986,-6.388018,4.3353252,3.241024,-7.1291246,10.588274,-8.870776,6.6668286
4.066572,-8.00469,10.750047,-9.125628,7.083607,-0.77636886,-2.975054,7.9616957,-9.53177,10.873514
4.164306,-7.254051,9.622745,-10.277196,8.652085,-5.257424,1.3762598,4.0503054,-5.7342052,10.219602
3.55099,-6.8052797,9.840646,-9.645422,9.380358,-6.2445107,5.7025247,-0.57595533,-2.1764817,6.758411
3.5741746,-5.726721,8.280892,-9.260646,10.293852,-9.124487,7.720368,-5.801924,3.1981864,1.8199562
2.5703056,-4.467858,7.13829,-8.555217,9.959549,-9.208498,10.196407,-8.140029,8.57992,-5.040117
2.9022915,-3.7346926,5.5039644,-6.1266036,7.9393477,-7.8091426,9.616515,-9.058192,9.698161,-8.650505
1.2210468,-2.592742,3.4210422,-4.4493513,6.4527326,-5.9784613,8.120208,-5.8493485,10.087827,-8.388003
0.36156502,-1.7221836,1.8998442,-1.1572801,3.7183595,-3.1141763,4.693732,-4.008404,6.8199344,-5.660092
-0.20423974,-0.5696052,-0.013359027,0.8658997,-0.2225998,0.185979,0.42136678,-0.33015075,0.9434883,0.82630056
-0.30509683,1.6085095,-0.909292,3.0350506,-2.7869015,3.9760258,-4.2550497,6.2562237,-4.4438396,6.279631
-0.9233489,2.6511106,-3.47986,4.602589,-6.022524,7.463726,-6.0555706,8.956258,-8.294957,9.937133
-1.8004394,4.7081127,-6.2189856,7.7748933,-7.309022,9.481278,-8.998654,10.538353,-9.51352,11.408598
-3.1833696,4.7255707,-6.3086615,8.478,-9.129621,11.0228,-10.215858,9.279285,-6.641266,6.836583
-3.079973,5.6928596,-7.6523237,10.241127,-10.467168,10.2445135,-6.954789,6.51465,-0.92095894,0.6466649
-3.8210456,7.54765,-9.338823,10.742516,-9.0779295,7.5834794,-4.539875,0.9203584,2.9990647,-5.5574756
-3.0079594,7.186423,-9.069412,10.2425785,-7.3232427,5.533927,-0.6249662,-3.8211763,7.3524785,-8.494795
-5.347047,8.465275,-10.021025,9.328468,-5.3217235,2.6739395,3.729792,-7.3493395,11.226075,-8.803305
-4.9847345,8.9952755,-9.831139,7.18758,-3.18844,-1.9460394,8.64544,-9.577975,9.827052,-5.9051285
-6.117056,10.018928,-9.019729,5.699536,-0.14485678,-6.1430564,9.20462,-8.733443,7.1464396,1.3777479
-5.890909,10.221755,-8.444352,4.3784733,3.7597027,-8.238926,10.2703705,-5.9626675,1.5911545,7.397298
-6.390276,10.408801,-6.909934,1.4370714,5.9558473,-9.628113,8.861387,-2.127374,-4.623991,11.0239525
-7.3990903,11.061187,-6.269218,-1.161992,8.682379,-9.908817,6.5127234,3.5045898,-7.96628,10.72788
-6.336735,8.725673,-4.5438366,-3.883588,10.3217745,-8.354283,1.8867844,7.827503,-8.707901,6.6404605
-8.509737,10.023173,-3.4250157,-4.584029,10.967219,-6.1033263,-3.0562694,9.959129,-7.3136754,0.73880893
-8.589288,8.8835745,-0.97905993,-7.63078,10.001881,-0.859546,-5.8434157,10.015313,-2.0608983,-5.460709
-9.140884,8.253573,1.0696057,-9.11646,8.126568,1.9861174,-8.755677,9.097747,2.4212575,-8.21777
-9.295259,7.2743464,2.608682,-9.700383,6.3108945,5.1315103,-8.190367,3.477903,8.298988,-9.465665
-9.85117,7.0518446,5.594322,-10.0632715,3.5784981,7.3961573,-7.652804,-0.8806656,11.310294,-4.6551313
-9.852299,5.8257675,5.858986,-8.376577,-0.48640534,9.738137,-5.453431,-4.8671703,11.103949,1.2636557
-10.619232,4.6077228,7.928926,-7.8885117,-1.5373489,9.827451,-1.1021123,-8.32108,7.9762096,7.843575
-10.933464,3.506873,9.196355,-7.1385922,-5.580353,10.94483,3.0674145,-9.1014805,2.198472,10.842009
-10.627007,2.5361588,9.492869,-3.9280002,-7.3137074,7.014998,6.3446455,-7.494234,-3.8250954,9.835742
-10.482812,0.888066,9.817397,-2.4549143,-8.731246,3.7527704,9.787199,-3.4008276,-7.5651712,6.571287
-9.566876,1.0381529,9.608234,-0.42296168,-9.288847,-0.037999548,10.554695,1.4390088,-8.873269,1.206402
-10.224897,-1.54356,10.016452,2.323864,-9.613846,-2.9277978,9.283424,5.2626944,-7.723121,-4.351047
-9.732369,-2.220798,9.51304,4.384082,-7.437972,-7.2083993,6.981766,8.939632,-2.781769,-9.028676
-10.067906,-3.7714443,8.347568,7.184123,-5.513533,-8.659306,3.490211,9.644515,2.2111168,-8.955951
-9.80165,-4.094063,8.38367,8.956037,-2.3947794,-9.637082,-0.8870346,9.805562,7.2402234,-4.4793386
-9.985156,-6.4065866,4.8682075,10.113742,0.66270393,-8.312765,-5.4908905,7.4257426,10.363295,1.1230363
-9.405683,-7.2259016,4.3680015,9.566828,3.5878093,-7.657644,-7.917512,2.7440927,10.229386,7.334122
-10.083157,-8.459712,3.0272572,10.042567,6.485764,-4.7467794,-8.64804,-3.047233,7.959824,9.288138
-8.647588,-8.941645,0.81230646,9.1143675,9.156807,-0.5891335,-8.608805,-6.45738,2.0754066,11.003302
-8.74003,-9.378268,-1.4547127,8.347994,10.157591,2.9979508,-6.4589734,-9.4236965,-3.6915524,7.765469
-7.4284916,-8.909192,-3.0403883,5.861093,10.996529,6.2730017,-2.7047348,-8.29798,-7.055154,0.48961478
-8.233198,-9.425522,-3.479364,3.79986,9.509581,8.359241,2.0006478,-5.9948435,-8.77664,-4.345762
-6.5423613,-10.049359,-5.8862324,1.8856692,8.034967,9.864978,6.703336,-0.6159017,-7.2906303,-8.506485
-6.9498773,-9.503835,-7.310173,-1.1077324,6.565685,10.817431,7.9596047,2.7928848,-4.4282427,-8.800948
-6.8632417,-8.913538,-9.200696,-3.2705748,3.3335874,8.392977,10.322519,7.509175,1.6771127,-5.189336
-5.2650986,-9.716906,-9.751761,-5.3567667,0.06250761,6.818143,10.220973,10.306444,7.2412686,1.0377387
-5.3544054,-8.4905205,-10.354298,-7.0693636,-2.24969,2.4817467,7.5851197,10.203117,10.427716,6.396859
-5.062396,-8.52895,-9.550276,-9.796328,-4.8600535,-1.1407647,4.52112,7.825634,10.760889,10.98747
-3.782399,-8.007757,-9.512868,-8.87881,-8.125831,-4.2112684,-0.8017024,3.8277202,7.8069444,9.818019
-3.0923362,-7.1265955,-9.848398,-10.329232,-9.222833,-7.445011,-3.869638,-1.097889,2.5909522,6.970061
-2.9630291,-5.5761657,-7.5053244,-8.8339405,-9.314114,-8.459146,-7.869621,-4.746002,-1.8459895,-0.3539605
-2.4223,-4.3240886,-7.535174,-8.373475,-8.94968,-10.29647,-9.252242,-8.818045,-6.7411,-4.426695
-1.682514,-3.5871096,-5.3962116,-6.679547,-7.1285315,-8.633602,-8.946846,-8.794888,-8.89734,-8.193226
-0.4992098,-3.3682675,-3.2010546,-4.340608,-6.3214555,-6.0296545,-7.455743,-8.491839,-9.009959,-8.424379
0.5727297,-1.0954151,-1.487449,-2.1924474,-2.3610368,-3.85813,-3.099652,-3.8626585,-4.1408763,-4.249731
0.45014545,-0.33178467,-0.35618466,-0.3935234,0.8360821,1.2930841,1.4259924,1.1614186,1.6244181,1.1113228
0.9448373,1.5910128,2.150286,2.7565076,4.385163,2.9235237,5.508645,5.2337217,5.912099,7.1037083
2.052086,2.7455585,3.7063797,5.52031,6.8687606,7.8842716,8.497214,8.450488,9.322512,10.7436075
1.6557968,4.5099854,5.2796445,7.536664,8.517727,10.324078,10.113101,11.39719,10.671037,10.035882
3.2158406,4.6891036,6.707898,8.835135,9.472097,10.406965,11.011197,9.447496,9.0612545,7.8271246
2.984993,6.400957,8.635677,9.321641,10.191308,10.803462,8.527919,6.514772,4.0187917,1.2087048
4.0969825,7.333974,8.926064,9.574526,10.645401,8.001605,6.2757487,2.1584718,-1.0780784,-5.9729033
5.2743115,8.035996,9.76306,9.754481,8.284681,5.680597,0.7478936,-3.054839,-6.1256127,-8.098172
5.6029167,9.347792,9.33898,8.572953,6.192495,1.6946528,-2.8440988,-6.9995155,-9.413014,-7.8660793
5.113912,9.136162,10.493816,8.069538,3.9134154,-2.1958787,-5.6033516,-9.251771,-8.553015,-4.5290265
6.537535,9.433367,9.480118,5.8485646,0.105936855,-4.403083,-7.5931697,-8.630204,-4.837567,0.2158721
5.5753026,9.628586,7.970291,4.220461,-2.448458,-8.909056,-9.080157,-6.1119895,0.48240975,6.3112416
6.6894836,9.329812,7.9759183,1.2151599,-5.681768,-9.155614,-7.3225303,-1.2340413,5.5203915,10.354858
6.5499196,9.9417515,6.5037017,-0.542943,-7.824897,-9.901935,-4.933235,3.2383986,9.756586,10.207981
7.5868697,10.586789,4.836026,-3.142739,-9.220205,-8.363195,-1.1482018,7.316759,10.347694,6.965944
7.6975036,9.033246,3.2801082,-5.827875,-8.989027,-5.794472,3.776916,11.649214,8.253096,0.96304804
7.952543,9.747458,1.8946587,-8.557141,-8.616939,-1.4948475,7.6385,10.662468,5.289601,-4.5891905
8.650204,8.089704,-0.30014294,-7.479582,-7.6904316,1.8838571,10.215824,8.721703,-0.49223584,-8.853998
8.992406,8.615086,-2.300877,-9.803504,-4.7134795,5.1424627,10.470679,3.906535,-5.9600124,-8.938687
9.690821,6.867594,-4.5530744,-10.06347,-2.8620632,8.022044,9.430465,-0.8030224,-9.7866125,-4.990417
9.318771,5.1568303,-6.280376,-9.748727,1.268554,10.407291,5.7668533,-4.970523,-8.561597,0.7528178
9.370849,5.86202,-7.395664,-7.842432,3.8849323,10.800275,3.0294933,-7.6200085,-5.977953,6.8536057
9.04226,4.3603477,-7.658214,-6.311265,6.3286567,9.523229,-1.6329744,-10.485712,-0.36189216,10.325032
9.352131,3.4226654,-8.745966,-4.796831,8.561627,7.1104383,-6.2155986,-8.415475,5.049873,10.652745
9.253794,0.6096164,-9.463801,-1.9257195,9.006199,4.313537,-8.267168,-4.2214527,9.230695,7.505105
10.669344,-0.45501706,-10.008449,0.5735988,10.671889,0.74572504,-9.428738,0.586595,11.112442,0.31615585
10.074933,-0.50510496,-9.169994,3.2442122,9.44931,-3.5042884,-8.18407,5.34186,8.922332,-5.665282
10.04552,-2.0269465,-9.511966,5.4536285,7.3824825,-5.721076,-6.090318,9.576911,5.3569083,-8.370722
10.657667,-4.429347,-8.236461,7.082042,6.127942,-7.8144584,-1.4610919,10.563061,-0.24583745,-8.392166
10.437897,-4.4796047,-6.541449,8.219638,3.6380708,-9.392494,2.0500813,10.287097,-5.540867,-4.699018
9.780505,-5.805218,-6.178568,9.153945,1.0193467,-8.791821,7.4384785,6.641015,-9.007349,0.44227862
9.501989,-7.5348415,-4.702835,9.767663,-3.0643709,-7.1182137,8.778558,1.2940029,-9.492052,6.7551727
9.26277,-7.306114,-1.4262694,9.794729,-5.706792,-5.2513933,10.1505375,-2.6301482,-6.6625814,10.140527
8.264074,-9.264043,-0.3811565,8.653703,-7.5135374,-0.722696,10.129183,-6.824841,0.141911,9.38616
9.264877,-8.850248,0.16129418,8.663423,-8.783328,2.1739652,7.320976,-10.232432,5.067386,6.050522
8.786008,-8.6843405,2.971266,5.833113,-9.471346,5.963588,3.2895555,-8.318175,9.630879,0.9610108
7.0121174,-9.795037,4.3622193,4.085816,-9.062496,8.222406,-0.28861764,-5.8828363,11.041656,-5.2012672
7.7968373,-9.912434,6.871564,2.0913107,-7.3544044,9.883552,-5.0803905,-1.3568692,9.595352,-8.533216
6.7906733,-9.828857,8.007792,-1.0688553,-5.210185,9.991557,-8.031239,3.2027485,5.1144605,-8.276481
5.5121408,-9.225556,8.676123,-3.6233327,-2.2480383,9.353978,-9.444581,7.058241,0.17789534,-4.9819136
5.4307632,-9.40103,9.946607,-5.3894258,0.072724834,6.3881345,-9.250458,10.351188,-6.049928,0.7097064
5.7113442,-8.701698,10.965699,-7.761694,3.5383499,2.4666605,-6.6253204,11.281809,-8.602869,7.1845093
5.3930364,-8.107748,10.14899,-7.7647643,5.7824855,-1.3374298,-3.352131,9.128862,-9.05,10.215147
3.757807,-7.9065337,9.829819,-9.696088,8.104277,-4.5579433,0.83326185,4.530051,-5.8146358,11.063902
3.267557,-6.759213,9.232471,-8.539937,10.423138,-8.419586,5.640021,-1.0403329,-2.3690674,5.9071546
3.2457237,-6.2563686,9.535656,-9.264596,10.767425,-9.358503,8.707855,-5.0347705,3.7480128,1.4825414
2.4017737,-4.816211,7.3853784,-7.7595587,9.812219,-9.597909,10.227953,-8.556493,8.582095,-5.0324464
2.0673406,-4.7935014,5.7681475,-5.9782753,8.3400135,-10.06283,10.094409,-8.620808,10.889941,-8.564833
1.0045835,-2.8045323,4.1002526,-5.1785045,5.825835,-5.432344,8.031553,-6.744388,9.986371,-8.568206
0.85466164,-1.883437,2.5777452,-2.207595,2.6088357,-3.4475362,4.3741765,-4.218223,6.847332,-5.8105345
0.5636065,-0.80163944,0.1862309,-0.09162359,0.18846925,0.3340859,0.67139983,1.1916964,0.8954375,1.0767866
-0.97141784,0.70715225,-1.5609839,2.7707293,-3.2430305,4.638419,-3.6486456,5.0221076,-5.216038,6.32991
-1.756204,3.447253,-2.86741,5.0073175,-5.489366,6.520802,-5.9803095,9.268384,-8.16796,10.25172
-1.1215616,3.2988498,-5.15882,6.5177703,-6.4343343,9.177242,-9.731111,10.325693,-9.110627,10.339788
-3.2981994,5.3515673,-6.344949,8.999993,-9.135562,10.481967,-9.501284,9.008817,-6.9322934,6.6039224
-3.4194076,5.527504,-8.231509,10.220101,-9.55727,9.635939,-6.897508,5.765357,-2.5551414,1.2929484
-3.39817,6.9645476,-8.967191,9.943246,-9.081881,8.330931,-4.4055963,2.213623,3.275046,-4.08576
-4.67011,9.340759,-9.292719,10.692634,-7.6665006,5.1637373,-0.28639555,-2.4745646,7.9376945,-9.084001
-3.9725564,9.340223,-9.6882105,9.339385,-5.6804743,2.1640577,4.9969926,-6.951214,10.881287,-8.711435
-4.7582693,8.594067,-10.132072,7.8062034,-1.9687886,-1.7385046,7.99177,-8.925476,10.563567,-5.392149
-6.506054,8.878324,-9.767177,5.9623036,0.060447183,-5.3015676,9.418092,-8.791375,6.790435,0.50094277
-5.7495465,9.293363,-8.434448,3.318564,2.9086006,-7.2693696,10.8402815,-7.0959263,0.5636548,7.765734
-7.3918715,9.948027,-6.371269,2.201677,6.7642655,-8.69671,9.095001,-1.6254787,-3.6954248,10.532406
-8.46007,10.506533,-6.5740438,-0.7544847,8.344264,-8.97252,6.2498,3.1766493,-7.308456,11.722348
-7.781634,9.73539,-4.3932977,-2.9415267,10.421962,-7.8148746,1.6108155,8.320628,-9.57378,7.604786
-8.398664,9.854344,-2.7285964,-5.739574,10.181496,-5.2245126,-2.2601886,10.353022,-8.082956,0.3218417
-9.046026,8.914108,-0.6168387,-7.044512,9.782035,-2.240056,-4.7918854,10.491449,-2.8124442,-4.7217355
-9.066918,8.285201,1.9327272,-8.677378,8.895123,0.66946346,-9.137103,8.217754,2.8343868,-8.480777
-8.936005,7.777467,2.768611,-9.374728,6.871333,5.3056254,-9.293385,4.2699337,7.8692408,-8.91242
-9.173422,7.163022,4.9881115,-9.673694,3.88674,8.667857,-8.577679,-0.62265396,10.417872,-4.5421505
-9.827269,5.893395,6.7705274,-9.765527,-0.09351064,10.289603,-5.0341287,-4.995066,10.608033,1.1508404
-9.10277,5.202634,7.3630095,-8.232909,-2.2170553,10.247761,-1.6178648,-9.043038,7.5612693,6.8732
-10.154289,3.9859972,8.8358135,-6.4397554,-6.3667336,9.735516,3.3632426,-9.637306,1.3112333,10.56758
-9.067165,1.7728145,9.450705,-4.4557395,-7.5448723,6.984191,7.080196,-7.158342,-2.9742424,10.285122
-10.936285,1.4663223,9.514242,-1.4947176,-9.409236,4.893075,8.944901,-4.8738275,-7.4991894,6.4374804
-10.602706,0.61746705,10.350185,0.22346137,-9.630075,1.2433158,9.359034,0.16394898,-8.749688,0.26050445
-10.089022,-1.5889444,10.224837,2.152603,-9.335229,-3.294581,9.326002,5.9651513,-7.1636915,-4.254176
-10.581769,-2.328679,9.714777,5.3638096,-8.286039,-5.958434,7.788821,9.096074,-4.0798926,-8.724706
-9.870378,-3.7917178,8.337546,6.657769,-5.0687814,-8.11587,3.2297506,10.959594,2.3907053,-8.563191
-9.693339,-4.7641916,7.847402,9.281823,-3.0736773,-9.576135,-0.6359832,9.793012,6.4943314,-4.3766527
-9.725766,-5.5796175,5.948816,9.166902,0.9782875,-8.853363,-6.091544,7.228992,10.224502,1.5021036
-9.25886,-7.565143,4.040292,10.853604,3.4533448,-7.846756,-7.7868996,1.7717887,10.726985,6.695995
-9.355786,-8.0195675,2.498882,10.147183,6.3270164,-4.175135,-9.341607,-2.5043483,7.2701054,11.234328
-8.952177,-8.269888,0.3657801,9.872123,8.801553,-0.82832724,-9.501483,-6.2773533,2.5620418,9.925353
-7.8976436,-9.158927,-0.20704727,7.7455125,10.262378,3.5127072,-5.9193563,-10.323778,-2.7777781,6.2524347
-7.6875434,-9.376549,-3.2603576,5.8480797,10.577085,6.081357,-3.100328,-9.338598,-6.7087555,0.5746313
-8.027349,-9.441713,-4.9571443,3.8255322,9.759735,9.863293,0.868293,-6.254195,-9.556624,-4.975902
-6.1048684,-10.321287,-5.9508386,2.588989,8.933042,10.723841,6.2823544,-2.4832222,-7.840129,-7.7930164
-7.1694784,-10.1311655,-6.803502,-0.733645,5.472527,10.616824,7.336991,3.097926,-3.5771313,-9.772078
-5.8013883,-10.4394,-9.153201,-3.4597645,3.2764032,8.764769,10.488729,7.829519,0.769479,-5.3666587
-6.098689,-8.881305,-9.523972,-6.4005685,0.45130247,6.2360063,8.252226,10.505631,6.0661654,0.88259643
-5.141918,-8.888668,-10.349889,-7.4701986,-2.5791411,3.320342,7.6353874,10.101967,10.235819,5.879358
-4.696702,-8.878861,-9.949519,-8.010745,-4.4115615,-0.33925498,5.632502,8.289274,11.242563,10.182931
-4.9144435,-7.2203975,-9.241748,-9.493001,-6.556172,-3.429532,0.41461003,4.498197,8.1835165,10.642958
-2.7549298,-6.0978227,-8.242652,-8.95901,-10.796562,-7.054651,-4.3863864,-1.5868759,3.593259,6.1986923
-3.1389215,-5.8213983,-7.7519374,-9.058218,-9.574412,-8.883461,-6.3346286,-5.450706,-2.4587352,0.6141909
-2.0975103,-5.027202,-6.5836487,-8.616205,-8.943209,-10.323463,-9.688573,-8.391798,-6.59812,-4.4822865
-2.1186333,-3.0706806,-4.982862,-6.516742,-7.2046113,-9.238853,-8.413207,-8.536631,-9.207599,-7.997359
-1.3942516,-2.6534016,-4.2726164,-4.5407844,-6.6387873,-5.937201,-7.1945815,-9.115018,-8.280232,-8.444057
-1.2018671,-1.3079935,-0.75281894,-1.8673192,-2.631861,-3.0966117,-4.041256,-4.4624743,-4.9943647,-5.2525816
-0.060013484,-0.34116504,0.046900176,0.1301159,0.21377937,0.94236857,0.90625656,0.57103115,1.4327047,1.4977946
0.45286268,1.1264589,1.3840029,2.3705943,4.166183,3.8884025,5.7262187,5.6888623,6.213528,7.16481
1.462381,1.4600374,4.6275153,5.8563313,7.109994,7.1172853,7.752512,8.519899,9.037819,10.533043
1.9892002,4.312727,4.773302,6.632045,8.125472,9.168483,10.711246,10.841377,9.6340275,10.178012
2.9071448,4.473744,7.355332,8.623082,10.082605,10.31189,10.877906,10.6483965,9.039972,6.530137
3.7528431,6.1311827,8.680151,9.933923,10.964533,9.637006,8.343054,7.0740275,3.2447505,0.9034363
3.4499826,7.309435,10.631827,10.475942,10.191622,7.832125,5.428429,1.3339694,-1.8996998,-4.7699246
4.9424543,7.114362,9.798898,9.749646,8.177711,5.684986,0.5348509,-2.883702,-5.306382,-8.986848
4.783519,8.082586,10.152181,8.869089,5.558548,1.2110275,-2.7344449,-6.4449925,-8.510243,-8.062648
5.324578,9.155976,10.10643,8.194666,4.396538,-2.432095,-6.623932,-9.729523,-8.660854,-5.1897144
5.6010222,9.411736,9.713006,6.340706,0.72302353,-4.864008,-8.627213,-10.121426,-4.512047,0.06748462
6.1842136,9.532143,8.8852,4.3147316,-2.7283876,-7.03696,-9.164132,-4.7397413,0.09053033,6.8897104
7.126204,10.725033,8.025062,0.8824572,-5.357696,-9.495087,-8.931093,-1.9371521,6.07844,9.56959
6.759095,9.65726,6.030821,-0.5017005,-7.6300483,-9.107947,-4.8421597,3.4841495,10.240277,10.624924
7.794367,10.053859,5.757773,-3.0380642,-9.441666,-6.6192656,-0.4925237,8.59553,10.766683,6.4443674
8.0515785,9.107204,3.5981662,-5.3363285,-8.847777,-6.149459,4.0801063,10.554895,9.73451,0.22413313
9.283162,9.008153,2.051595,-7.1150265,-8.790226,-2.0386386,7.3972945,10.991012,3.9887216,-4.392323
9.122788,8.444521,-0.23754176,-9.276989,-7.419997,1.4895594,9.967594,7.786839,-0.20247257,-7.9812703
9.000366,8.214426,-2.1021256,-9.062477,-5.1457047,5.4663725,10.853223,3.0858097,-6.070089,-9.080999
9.294483,7.133864,-4.679865,-10.301143,-3.676905,7.9146137,10.354707,-1.1028485,-9.241767,-4.1075997
9.793607,5.2878833,-4.8310337,-9.560686,0.28980327,9.656436,6.2384796,-4.831542,-8.796068,0.86876786
9.870676,5.041429,-7.591183,-7.071303,3.8134449,10.607758,1.7604231,-8.037292,-5.747052,5.823059
10.336891,3.7620215,-8.889891,-6.5841384,6.797984,8.868666,-1.643004,-7.7797246,0.2620034,10.101046
9.941072,2.070313,-9.111941,-5.2399697,7.962157,8.037689,-6.3887744,-7.419337,4.5268736,9.727939
9.886703,0.24922404,-9.531969,-2.2253911,9.70495,4.4100413,-7.6748457,-4.7572985,9.2947235,7.423864
10.097849,0.08571398,-10.000544,-0.44693404,11.157385,0.7687404,-9.306056,0.8119758,10.726257,0.87516737
10.053903,-0.8487238,-9.372811,2.8883123,9.908005,-2.879591,-7.7903047,5.308087,10.33136,-5.247066
9.4975195,-1.5986817,-9.365738,5.268781,9.150804,-7.059594,-6.4887085,9.703564,5.4761906,-8.938595
9.486342,-4.326573,-8.180354,6.9434304,6.3217864,-8.897769,-0.95201254,10.774709,-0.9253989,-8.3542795
9.521724,-4.2906537,-6.860032,9.291323,3.4747038,-9.573645,1.5355763,9.2195,-6.065276,-5.199336
9.846699,-4.736363,-6.0335574,9.555182,1.2185383,-9.600362,5.9704046,6.9391427,-9.376155,0.6309557
9.28737,-7.5908213,-4.332525,10.562706,-3.7548256,-7.434197,9.058604,2.0207858,-8.44316,8.06756
8.472129,-8.213454,-3.2033803,9.116064,-4.9393406,-4.7137423,10.653195,-3.6771686,-5.8737197,10.093286
8.363461,-9.0997715,0.41895178,9.673384,-8.560805,-0.5800565,9.81306,-7.0811815,-1.7953631,10.784885
9.01593,-8.7016535,0.96354914,8.700961,-9.331323,2.8498788,7.220647,-9.455046,2.8612633,6.799962
9.114723,-9.36927,3.405788,6.4633493,-9.632549,6.4341683,3.1631827,-8.378004,8.840687,1.1517448
7.9836173,-9.553527,4.86898,3.6992078,-9.91075,9.107368,-0.5516029,-6.0015316,11.468712,-5.082569
7.241607,-9.386644,6.384571,1.2114791,-8.631622,10.062534,-5.1742826,-1.5967613,9.599896,-9.008254
7.288383,-9.962593,7.1310954,-0.46726838,-5.6852965,9.954671,-7.0481963,3.4700184,5.428368,-8.642468
6.5423527,-10.188398,9.359463,-2.5798483,-1.8040534,9.189954,-9.57453,7.958124,0.37765893,-5.123702
5.853273,-9.142957,9.976072,-4.936837,0.7505209,6.7483,-9.387042,10.182994,-4.480392,0.17220172
5.569742,-9.592481,10.052828,-7.754549,4.2262897,2.877281,-6.313006,10.810498,-7.978613,7.004346
5.2157397,-8.7969475,9.422626,-9.205453,6.4515977,-0.89683056,-2.9308825,8.642545,-7.919141,11.233644
4.0421877,-7.1106114,10.220817,-8.927498,8.628287,-4.7647305,0.24328724,4.466736,-5.512,10.94488
3.5919666,-6.9553695,9.5204315,-9.2241,9.693752,-7.0542135,5.47414,-0.61316997,-2.7073212,7.3903117
2.7797527,-6.14635,9.2217045,-9.617019,10.715677,-8.872435,8.640282,-5.9920382,3.9862611,1.1542853
3.1623719,-4.730733,6.9687557,-8.857403,10.021095,-9.772932,9.793842,-8.70665,8.213082,-5.053245
1.4916227,-3.8946598,5.436523,-6.523919,8.857998,-8.348581,10.711375,-10.078857,10.9425535,-8.58903
1.1193713,-2.1495757,3.6555557,-4.2131934,6.3619037,-5.971954,8.3105755,-7.6704526,10.786699,-9.087914
0.5000473,-1.4330559,2.351535,-2.2049568,3.7604368,-3.0893466,4.3888526,-4.107798,6.1574073,-5.2945194
0.79016674,0.13442627,0.33091044,-0.7588714,0.7842437,0.082419895,0.6500966,0.6691503,0.37781176,1.2224554
0.6956604,1.3022987,-1.6790725,3.1388175,-1.8059666,3.6387014,-3.352549,5.3485265,-4.6541014,7.3686643
-1.9506292,2.555954,-3.8236802,5.526199,-4.689962,7.671864,-6.853136,9.269525,-8.24534,11.153953
-1.5882801,4.5070925,-4.5681787,6.9651623,-7.774594,8.523183,-9.226796,10.918738,-9.435514,10.705954
-1.7444971,5.3151636,-6.2337418,8.608587,-9.061541,10.252953,-9.263438,9.802144,-6.430833,7.0636425
-3.0132782,5.9699516,-7.9970093,10.522474,-10.025188,10.470606,-7.1864257,6.000529,-2.3997126,0.9421916
-3.5311348,7.393736,-8.395847,11.160962,-9.895409,7.926777,-3.812999,2.4970834,3.188439,-5.8275185
-4.590875,7.931328,-9.344131,10.449241,-7.8953075,5.3486776,-0.44978207,-3.918086,8.547394,-8.004108
-4.9897704,8.412439,-9.685461,8.667712,-6.381528,2.6470146,3.9475636,-6.814041,10.0953245,-7.602654
-5.4191356,8.266206,-11.144931,7.6571574,-3.1479795,-1.5988652,8.637481,-9.488147,11.146125,-5.846019
-5.4307027,9.976093,-9.379777,5.9559464,-0.094518855,-4.9835873,10.904523,-8.425075,6.422209,1.6066765
-6.0693145,9.88584,-8.940811,4.358464,2.6262083,-8.34808,10.996781,-6.280468,1.1558495,6.983334
-6.692998,10.219943,-6.741743,1.6050516,6.8643026,-9.135188,8.754689,-2.2774065,-3.8428926,10.4213085
-8.239258,9.75446,-6.344551,-0.5581167,8.689662,-9.886626,5.8849435,2.8812,-8.673101,9.606023
-9.1126995,10.185855,-4.225791,-4.3166766,10.045708,-7.9733005,2.05999,7.898437,-8.711782,5.6941566
-8.676872,9.767057,-2.8299885,-4.654908,10.537791,-5.131025,-2.1275713,10.908582,-7.221573,0.5030916
-8.774396,9.932979,-0.90468746,-8.170257,10.783461,-2.0931714,-6.733878,10.002766,-2.7241218,-4.1222672
-9.119991,8.931533,0.24251708,-8.590845,8.638929,1.409344,-9.53383,8.361248,4.1470456,-8.270069
-8.948269,8.676074,2.3879454,-9.1550255,5.9686847,5.145111,-9.050405,4.013334,8.213137,-9.385719
-9.018605,7.016052,4.396879,-9.870229,3.5586522,8.446705,-8.258191,-0.17902859,10.352539,-5.723592
-9.842085,6.5144405,6.335969,-9.950005,0.18541723,10.444923,-4.744253,-5.3799744,10.0775795,1.1616212
-9.173553,4.936566,7.365318,-7.7937036,-3.7571294,10.630641,-1.7348882,-8.371361,7.4170785,6.05307
-9.686016,3.8355165,8.102595,-5.9932175,-6.113725,9.244017,2.578204,-9.501423,2.3846247,10.604066
-10.281773,1.9064602,9.274666,-4.036654,-8.2227125,7.4903812,6.2326183,-8.4354315,-3.0024755,9.225739
-10.504066,1.39519,11.362416,-2.5652232,-9.413717,4.6318493,10.332224,-4.378398,-7.5194683,6.691963
-10.362082,0.09590927,10.198945,0.91686654,-9.608424,0.040844757,9.969674,0.6791811,-9.057173,0.69577247
-10.494065,-0.8611335,9.758306,2.77036,-9.410754,-3.4870632,9.713415,5.818104,-8.797759,-5.220347
-11.482851,-2.3249862,9.447562,5.345305,-6.9870033,-6.337123,7.1623173,9.209198,-3.9514768,-9.141996
-9.86796,-4.4518623,7.4703493,7.284599,-5.2100163,-8.676998,3.0717356,10.173255,1.8068877,-8.544722
-9.721557,-4.408296,7.7521772,8.266363,-2.8024404,-10.065637,-1.5524806,10.788622,7.472055,-5.111222
-10.296599,-5.730736,5.6526003,10.1243,0.53647155,-9.109719,-4.20816,6.6592546,9.962562,0.88900393
-8.625068,-8.23499,5.0707283,10.392061,2.7026057,-7.4055614,-8.428079,2.3374615,9.593995,7.2543845
-9.1706295,-8.932062,2.3817425,10.490791,6.4740763,-4.3611307,-9.907528,-2.7991168,7.503008,10.083658
-8.718484,-7.721237,2.0271716,9.662776,8.603822,-1.6389257,-8.730654,-7.7866874,2.712645,11.173481
-8.425386,-9.025194,-0.77036,7.5204344,9.751991,3.0976157,-6.399086,-8.755045,-2.9765856,7.6381836
-8.966293,-9.301135,-2.714302,5.942136,10.1676235,6.17221,-3.194127,-8.71876,-6.657323,1.1446066
-8.08654,-9.011392,-4.0575433,3.905049,10.16419,8.693563,1.7699529,-6.2211475,-8.466326,-5.384997
-7.360504,-10.655704,-5.325247,1.404964,8.415372,9.366638,5.76473,-1.8728849,-8.945087,-7.391592
-7.5818763,-10.836841,-7.3210516,-0.924721,6.492518,10.143748,8.415633,3.4923832,-4.0773187,-8.231169
-6.8254848,-10.656477,-8.3641,-3.9445431,3.6131444,9.622441,9.81013,7.4346447,1.744847,-5.27786
-5.932464,-9.628079,-9.1777115,-6.5844374,1.5455228,6.212874,10.41289,10.222017,7.227843,0.6504729
-5.761676,-9.092904,-8.961688,-6.631297,-2.8435931,3.3768213,7.4778643,10.260291,9.918424,6.015616
-4.7489176,-7.652448,-9.935363,-9.396556,-5.3699317,-1.3829314,3.3588643,8.164433,11.173373,10.4674225
-4.539576,-7.6892376,-10.174583,-9.079517,-7.9621043,-4.2007427,0.017165236,4.153575,7.15345,9.843345
-3.9518971,-6.67122,-9.015824,-10.232189,-9.4552965,-6.773286,-3.955138,-0.6364267,3.1951241,6.058673
-3.8522832,-6.3696523,-8.1441965,-9.104255,-9.1170435,-9.062534,-7.935761,-5.111273,-2.9662971,0.91844875
-2.9104507,-5.3421392,-6.8531485,-8.1298065,-8.706471,-9.252612,-9.410414,-8.297653,-6.3574257,-4.661758
-1.6641818,-3.878244,-4.875006,-6.8181543,-7.7255898,-8.954023,-8.975171,-9.420622,-9.934467,-7.662671
-1.4540414,-2.711221,-2.7211716,-4.0883455,-4.860929,-6.390732,-7.3872037,-7.934952,-8.3763275,-8.313694
-0.36398825,-1.073978,-1.8862097,-1.610155,-2.936555,-3.4710383,-3.9352992,-3.95807,-4.6592836,-4.4411583
-0.34747785,0.049399804,0.24276085,-0.15434748,0.22140226,1.0545644,1.1005621,-0.13497162,0.7084312,0.14463997
0.3003286,1.4032112,2.8017519,2.1853688,3.4005585,3.6187456,5.031803,4.8257833,6.60662,7.4265885
1.3219594,2.8114936,3.5023577,6.0515842,6.1113544,7.7576613,8.037088,8.979541,9.988621,11.26479
2.392526,3.9131901,5.3678293,6.9790826,8.828394,8.718599,10.47879,11.3004875,10.7216425,10.731035
2.7390547,5.0668054,7.6324973,8.523133,10.204812,9.448819,10.1308155,10.2500105,8.743337,6.4311886
4.1217966,6.3784137,8.932396,9.8640175,10.301541,9.414075,8.295106,6.7366333,3.9854817,1.0524011
4.2860107,6.8820405,9.303219,10.323187,9.94868,8.086244,4.649758,1.3157004,-2.5064042,-5.4853473
4.5871964,8.38268,10.072347,10.461668,9.00568,4.49366,1.4761058,-3.0707784,-5.492596,-8.523943
5.0286617,8.582495,10.76338,9.482583,6.6858172,0.56463474,-2.8020892,-6.9029427,-9.179364,-9.164353
5.739891,9.04406,10.113728,8.641645,3.420149,-2.4295828,-6.4599495,-8.951766,-8.686826,-5.0371284
5.7828074,9.837843,9.613061,5.7814045,0.5867617,-5.373958,-9.612863,-8.581069,-4.491793,1.7269514
5.4745708,10.080411,8.0343685,4.4423165,-3.498463,-7.9784603,-9.715941,-6.2082415,0.34175834,6.2731977
7.2692823,10.006742,7.275598,0.9206025,-6.313644,-9.137977,-7.895902,-1.17877,5.18626,10.106578
7.0316234,10.414841,6.4161487,-0.38755876,-7.6184154,-9.1542635,-4.982866,2.9978952,9.639202,10.765105
7.968975,10.698268,4.1318097,-3.7926886,-9.972944,-7.8610344,-1.7951821,8.006473,10.099854,6.9138393
7.883563,9.380603,3.1737485,-5.1605353,-10.357732,-5.1849484,3.7528849,10.072118,9.644396,0.5625507
8.788251,8.693633,1.2660376,-8.253288,-8.843007,-1.80649,6.7318435,10.161675,4.7501273,-4.3306265
9.007137,8.109363,-0.021409748,-8.914894,-7.1416054,2.0493364,10.248608,8.501817,-0.84251696,-8.468482
9.43372,7.550015,-1.8380135,-10.155884,-5.371883,5.7261605,11.484115,4.867498,-5.9459567,-8.664899
9.140407,6.269954,-4.1703787,-9.80729,-2.9917843,7.726961,9.855618,-0.8831774,-9.812726,-4.6541276
9.196243,5.2529173,-5.5935388,-9.467287,0.3608266,10.373028,6.642215,-5.078156,-8.630073,0.78044575
9.683717,5.1156063,-7.3341017,-7.293558,3.0787966,10.7968235,2.610118,-8.590146,-5.304003,7.2338576
9.389816,4.009129,-8.672002,-6.0879354,6.7934866,9.718858,-2.1675599,-10.347981,-0.028747492,10.182774
10.284322,2.6346998,-9.593481,-3.66494,8.893054,7.5895195,-6.5308166,-7.471317,5.3475094,10.837178
11.036924,1.0119077,-9.295719,-2.476463,10.092213,4.0677114,-8.1626835,-4.0670605,9.637423,6.3977165
10.047237,-0.4884112,-10.48003,0.5573747,10.257929,-0.77558404,-9.286825,1.0757011,11.839521,1.1401988
10.314495,-0.8727307,-8.407052,2.8901002,9.978366,-3.7620711,-8.886225,5.82136,8.867301,-6.190969
9.511706,-1.5536605,-9.323225,5.340581,9.108665,-5.758029,-5.8082275,8.74801,5.223305,-8.082005
10.40368,-4.127585,-7.5644383,6.5715623,5.0689325,-8.378276,-1.8664217,10.235283,-0.5330477,-8.426054
9.202096,-4.8380356,-7.5357246,8.740714,3.7188983,-9.2827,1.8905259,9.633177,-4.817482,-4.3745227
8.749629,-5.2905197,-5.080709,10.173307,0.37734944,-9.535493,6.962973,6.5880713,-8.741339,0.9315005
8.518917,-6.3755307,-4.209173,11.182677,-2.0988135,-6.3720107,9.494624,1.4999448,-9.164084,6.498356
9.817741,-8.804852,-2.9009626,10.167941,-5.6688924,-4.009971,10.970646,-2.7080767,-5.505111,10.6526985
8.251787,-7.9296136,-0.23904549,8.594216,-6.8645115,-0.82151103,10.695964,-7.6737084,-0.74633664,11.165741
8.376486,-9.307285,0.96597075,7.867913,-8.931011,2.7433681,7.3210106,-8.773604,4.266548,6.133103
8.202047,-9.837119,3.3606782,6.3514876,-9.396818,6.583762,3.709167,-8.975378,9.147466,0.28459746
8.453213,-9.447073,5.3788667,4.5267777,-9.595164,8.92282,-0.17951976,-6.0739183,10.848418,-3.8032558
6.9402947,-10.894664,6.66724,1.3090324,-8.611651,10.172815,-4.104372,-1.5812036,8.824948,-8.124583
7.4692082,-9.4377,8.005066,-0.9576974,-5.734418,9.920852,-7.8207345,3.2577567,5.788438,-8.405078
7.0386386,-8.814997,9.023649,-4.200527,-3.2315304,8.596328,-9.981367,7.685905,-0.3861768,-5.6392384
6.0864663,-9.8264065,9.504098,-5.56779,-0.31012315,5.8402305,-8.671318,11.02086,-4.897064,0.65903234
4.9855375,-8.60196,10.626564,-7.960114,3.3403218,3.1789207,-6.2486386,11.267579,-8.242436,7.0428834
5.361999,-8.278447,9.708404,-7.8935466,7.3214545,-1.2258401,-2.3036342,8.619846,-8.608434,10.121318
4.2883983,-7.437084,9.976647,-9.670798,9.007555,-3.5190833,1.5205396,6.06608,-6.195084,9.785847
2.5858316,-7.0599904,9.225062,-9.431172,10.185925,-7.328303,5.608354,-0.6198882,-1.6103486,6.6978064
2.8638601,-5.8393273,8.317259,-9.395373,10.252787,-9.091825,8.728988,-5.0476,4.624741,1.348132
3.2406726,-4.3582926,6.6201477,-7.584214,10.022243,-9.476859,10.084631,-8.186766,8.054404,-4.53461
2.0913305,-3.638283,5.2843466,-6.453711,7.4067826,-8.674148,10.924886,-9.783339,10.525615,-7.52112
1.275541,-2.4639373,2.7891612,-4.2955513,7.5631,-7.039793,8.72435,-8.869807,10.243249,-9.014925
1.4500825,-1.7993219,1.3120247,-1.4784634,2.4963365,-2.550602,5.621479,-3.662526,5.379252,-5.033203
0.728617,0.5885073,0.1007824,0.48791867,0.7089465,0.4340267,0.65718216,1.2262126,-0.022299647,0.8117649
-0.54037344,1.886979,-1.6225709,1.6126733,-2.7603464,4.6083074,-3.3166363,4.749305,-3.73603,5.783866
-0.73626304,2.406935,-2.836999,4.9042735,-5.9661613,6.707434,-6.8899508,8.99733,-7.9448633,10.29418
-1.563368,3.8823235,-5.3656397,7.51328,-8.044899,9.438962,-9.581435,10.877253,-8.957967,9.869116
-2.8376865,4.1653485,-5.732368,8.1520815,-9.493642,10.435135,-9.484047,10.144352,-7.451804,6.62541
-2.6751788,6.077068,-7.2137938,9.640811,-9.220764,9.47714,-7.369111,6.7059608,-2.5437162,1.5638411
-2.2776744,7.035496,-8.481675,11.160623,-8.254311,8.608053,-4.368031,2.1051056,3.6408834,-4.0931187
-4.0659857,7.449839,-10.080632,9.644301,-6.9238954,5.220507,-0.066814885,-1.5023874,7.803947,-8.795331
-4.802402,8.704859,-9.810602,8.741307,-5.033975,1.4993644,4.110736,-6.4890265,10.6176405,-9.070501
-5.64095,8.4179535,-9.59912,8.266066,-2.9648871,-1.3667026,8.087403,-8.063866,9.965566,-4.8101816
-6.4111824,9.62351,-10.016487,5.7478046,-0.5478748,-5.1173687,10.031911,-9.27363,7.077013,1.5105344
-5.981314,10.002214,-8.661762,3.8365986,3.1623073,-7.9428887,9.958636,-6.973329,2.3255417,6.8035274
-7.7244925,10.139552,-7.676829,1.0697141,6.545024,-8.815708,8.883807,-2.1216676,-3.7109196,10.395172
-8.057399,10.244354,-6.1169367,-0.3568752,8.691136,-9.284453,6.7183666,2.8282006,-8.166504,10.2374525
-7.4418106,9.75055,-5.0443554,-3.017141,9.837559,-8.351519,2.5125444,7.2085953,-8.739355,7.4758286
-8.3322315,9.421064,-2.669839,-5.676416,10.558315,-5.310679,-1.7207258,10.716429,-7.2629504,1.1620661
-8.01838,9.462595,-0.49642447,-7.144121,9.465221,-2.2916284,-6.2855797,10.135054,-2.440945,-5.078943
-9.291615,8.704883,1.1239061,-9.828393,8.42687,2.620674,-8.37891,8.95146,2.9008634,-8.508038
-9.327745,7.949945,3.2370808,-10.170054,5.663164,4.563451,-10.373632,4.5185127,8.264122,-8.155005
-8.919704,6.668747,4.2950883,-9.403649,3.422619,8.608135,-8.688498,-0.2917266,11.281443,-4.3306093
-8.897878,5.8794866,6.0900626,-10.175444,0.35296443,10.634597,-4.8779306,-5.72631,11.181649,0.99855965
-9.33703,5.1955104,8.007432,-8.249182,-4.013018,10.834198,-0.6518031,-8.569195,7.0151243,7.155972
-9.620545,3.5545418,9.431732,-7.2383585,-5.066787,9.492957,3.0697296,-9.438743,2.5549164,10.920964
-9.446728,4.055565,10.480401,-4.553434,-8.059589,7.2951517,6.755089,-8.27387,-3.2938058,10.745802
-10.257572,2.4311838,9.88634,-2.042376,-8.8308935,4.155055,9.416607,-3.3802478,-7.6426816,7.9434843
-10.182703,-0.5475321,10.160406,0.8682124,-9.759299,1.0358347,11.082053,1.9114977,-8.759714,0.70833886
-11.006095,-1.2833407,10.008842,2.591862,-9.038665,-3.4103987,9.952829,6.139587,-8.41817,-4.610821
-10.011854,-3.089219,9.233858,5.6051035,-6.622493,-5.9430223,7.725589,9.069371,-2.924851,-9.120863
-9.197359,-3.0193403,6.887566,7.6662297,-5.8125224,-9.198834,2.3042288,10.912137,1.8809452,-8.787893
-10.187922,-4.667825,6.847085,9.510922,-3.0790765,-9.207212,-1.8507838,9.412523,7.5685773,-5.305129
-8.802131,-5.064313,5.6127343,9.735984,0.5306772,-9.129777,-6.7160435,6.7362795,10.372981,0.61053157
-9.132499,-6.754028,4.431949,10.019844,3.8739889,-7.7099333,-7.878514,1.9775833,10.445575,6.6832843
-8.644639,-7.3865714,2.8963408,10.699945,7.079946,-5.291771,-9.579288,-3.6506183,6.9828734,10.7385025
-9.540097,-7.3168435,1.3607975,9.379708,8.6373205,0.0047426033,-8.597402,-6.405761,3.6897473,10.205303
-8.91553,-9.126951,-1.2893008,8.169002,10.1728945,2.7685292,-5.952386,-8.797509,-2.3072283,7.2840514
-7.8004274,-9.8887,-2.6883757,7.347446,10.322501,6.1856284,-2.0232255,-9.573527,-7.1011157,0.89859277
-7.5466876,-9.781135,-5.08253,4.064609,10.352454,9.049487,2.373608,-6.004188,-8.787686,-5.2708383
-7.130382,-9.779158,-6.132681,0.8426607,9.156827,10.389838,6.189537,-1.562519,-7.928075,-9.065802
-7.3050537,-10.075685,-7.338676,-0.58741605,6.9398017,9.970699,8.969649,3.2186525,-3.707578,-8.843675
-6.077667,-11.056411,-8.592553,-3.328009,4.0946064,9.024634,10.215479,6.90661,1.1371446,-4.8129616
-4.6804967,-9.794928,-9.128741,-5.476792,0.5814384,6.3492937,9.687075,10.58179,6.6066203,1.7549152
-5.569005,-9.121562,-10.39119,-8.200697,-2.406408,3.3418167,8.1743355,9.846937,10.374683,7.6367774
-5.306623,-7.4768043,-9.79055,-8.667514,-5.252427,0.29003793,3.3234034,8.001898,11.714068,10.846946
-3.2322786,-8.659416,-8.867226,-9.142909,-7.524955,-4.2251368,-0.1735451,3.961267,8.622389,10.535518
-3.570658,-7.006001,-8.5239,-10.302819,-9.020996,-6.942344,-4.979961,0.045835026,3.4895093,7.0690975
-2.066495,-5.1423326,-7.8654733,-9.22465,-9.467309,-10.290895,-6.826339,-4.92835,-2.4557517,0.07528274
-1.5533422,-4.6468754,-7.113653,-8.895122,-9.453899,-9.412222,-8.857907,-8.02259,-6.5667057,-5.0675154
-0.8774455,-4.004841,-5.106131,-6.671168,-6.1444116,-8.779702,-9.087567,-9.752472,-9.30956,-9.125704
-0.76060706,-3.0282214,-3.3599496,-4.972361,-5.3330646,-6.751785,-7.183146,-7.6416197,-8.998476,-9.591768
0.01764302,-0.8471838,-1.7634065,-2.5255156,-2.7763128,-3.3814883,-5.040764,-3.963057,-4.174106,-4.6669636
